bloco_MB,teste,alloc_ms,write_ms,read_ms,free_ms
100,1,13.0516,24.927,16.0855,5.7362
100,2,13.267,25.82,19.9331,5.9774
100,3,14.8983,25.6458,19.7838,5.8238
100,4,15.0707,25.6499,19.7232,5.817
100,5,15.0792,25.8467,19.7439,5.8749
100,6,15.002,25.5269,19.4558,5.5747
100,7,15.4243,25.7631,19.7492,5.8347
100,8,15.324,25.6392,19.6693,5.7765
100,9,15.3214,25.7361,19.6395,5.7229
100,10,15.1667,26.0429,20.7783,9.5984
100,11,14.0478,29.8138,23.5477,7.5686
100,12,15.9458,26.6593,20.1276,6.1574
100,13,14.9221,26.2154,20.2619,6.4125
100,14,14.9249,27.5052,26.4805,9.5628
100,15,15.2259,27.9444,22.8576,6.1095
100,16,14.5405,26.6192,19.7787,6.1237
100,17,14.6346,26.4363,19.7483,6.1002
100,18,14.54,26.3677,19.8464,6.1405
100,19,14.7667,26.9654,20.4026,6.1853
100,20,14.9285,25.5162,20.0252,6.0563
100,21,14.7261,25.7437,19.8056,5.9736
100,22,14.9875,25.7658,19.7985,5.8423
100,23,15.0265,25.8586,19.6979,6.0476
100,24,14.9434,25.8297,19.9635,6.0975
100,25,14.7453,25.8286,19.8345,6.0617
100,26,14.9503,25.8663,19.8602,6.1443
100,27,14.8803,25.7923,20.0598,6.1782
100,28,14.687,26.5643,19.9692,6.2933
100,29,14.6648,25.731,19.9748,5.8477
100,30,15.0014,25.6328,19.4163,5.5653
100,31,15.3722,25.6073,19.4792,5.5832
100,32,15.3706,25.6578,19.4973,5.6958
100,33,15.2869,25.4649,19.4954,5.5892
100,34,15.345,25.7059,19.9153,6.0197
100,35,14.8727,25.5687,19.5655,5.609
100,36,15.2782,25.6485,19.5171,5.5863
100,37,15.3517,25.6704,19.6156,5.743
100,38,15.2278,25.529,19.6415,5.7667
100,39,15.2084,25.6576,19.7417,5.8134
100,40,15.0374,26.8619,20.3883,6.233
100,41,14.75,26.2497,19.9872,6.2054
100,42,14.8145,26.045,20.0532,6.2192
100,43,14.7566,29.2972,19.9974,6.1803
100,44,14.6146,25.7966,19.7944,5.879
100,45,14.8275,25.6019,19.4614,5.5557
100,46,15.2609,25.7154,19.9019,5.7722
100,47,15.1403,25.5964,19.5814,5.5698
100,48,15.1625,25.7182,19.5655,5.6333
100,49,15.1559,25.6421,19.4571,5.6632
100,50,15.2201,25.7646,19.7452,5.8339
100,51,14.928,25.7148,19.7115,5.8615
100,52,14.88,28.8289,18.7118,5.7114
100,53,15.1333,25.7,19.6713,5.8528
100,54,15.0226,26.5218,19.1189,5.7437
100,55,15.0771,25.7252,23.5093,5.7904
100,56,14.2101,25.5679,19.6161,5.603
100,57,15.187,25.8736,19.8034,5.8161
100,58,14.8608,25.6913,19.5827,5.6834
100,59,15.1575,25.6529,19.755,5.8938
100,60,14.9206,25.6822,19.5712,5.7741
100,61,15.0691,25.7382,19.3897,5.6304
100,62,15.2272,25.6772,19.6074,5.7438
100,63,15.0147,25.7003,19.4632,5.7335
100,64,15.1441,25.7589,19.5926,5.7395
100,65,15.054,25.5438,19.4828,5.5646
100,66,15.2445,25.502,19.65,5.6413
100,67,15.1186,25.5821,19.4829,5.5787
100,68,15.2533,25.5425,19.4996,5.6672
100,69,15.3506,25.6382,19.7226,5.6542
100,70,15.0103,25.5725,19.5038,5.5847
100,71,15.2146,25.6146,19.3927,5.4941
100,72,15.3234,25.6178,19.6203,5.6751
100,73,15.1277,25.6642,19.504,5.61
100,74,15.207,25.621,19.4148,5.5193
100,75,15.3173,26.0502,19.7542,5.8768
100,76,14.874,25.5697,19.6241,5.7438
100,77,15.068,25.6487,19.5203,5.5585
100,78,15.1652,25.685,19.5176,5.5682
100,79,15.2231,25.6446,19.5038,5.6163
100,80,15.2106,25.5873,19.5068,5.5754
100,81,15.2296,25.558,19.5234,5.5453
100,82,15.2357,25.5904,19.2696,5.4859
100,83,15.4038,25.6106,19.6163,5.6624
100,84,15.1109,25.5984,19.3797,5.5006
100,85,15.3473,25.5909,19.6453,5.7588
100,86,15.0645,25.5912,19.4622,5.5544
100,87,15.2306,25.6759,19.5044,5.5815
100,88,15.2371,25.6929,19.548,5.6888
100,89,15.1467,25.5802,19.5552,5.6823
100,90,15.1204,25.5384,19.4193,5.532
100,91,15.3176,25.6459,19.4665,5.5574
100,92,15.3476,25.6054,19.7481,5.8273
100,93,14.8798,25.5775,19.4657,5.5918
100,94,17.2155,28.6872,19.8021,6.1287
100,95,14.8391,25.6853,19.5769,5.5552
100,96,15.3223,25.6424,19.4797,5.5578
100,97,15.3841,25.6466,19.4507,5.7319
100,98,15.3497,25.7662,19.5897,5.6919
100,99,15.2304,25.5425,19.5325,5.5501
100,100,15.3665,25.7266,19.5708,5.6916
200,1,28.1363,58.2231,37.3358,12.2426
200,2,27.559,53.1052,39.7751,12.0911
200,3,29.4097,51.254,39.6358,11.8176
200,4,29.6603,51.6936,39.7502,12.0448
200,5,29.4244,51.5119,39.653,12.1392
200,6,30.0103,51.165,39.9752,12.083
200,7,29.4616,55.2633,42.3246,12.3297
200,8,29.123,52.9123,39.7501,12.2282
200,9,29.4884,51.3546,39.654,12.0518
200,10,29.5366,51.4387,39.7108,12.3394
200,11,29.4058,54.9773,41.017,12.0076
200,12,29.4518,53.2677,39.0245,12.2531
200,13,29.8752,51.5818,39.7293,11.9883
200,14,29.4902,51.5966,40.0232,12.2179
200,15,29.4518,51.742,39.7346,12.1246
200,16,29.3854,51.3661,39.7327,11.9171
200,17,29.4764,51.6779,39.7405,12.0463
200,18,29.5152,51.5501,39.8553,12.1094
200,19,29.4161,51.3148,39.7875,12.0063
200,20,29.4113,51.4443,39.5791,12.0205
200,21,29.5859,51.5034,39.7892,12.0678
200,22,29.6432,51.383,39.6979,11.9648
200,23,29.529,47.7565,39.9641,12.0892
200,24,29.4167,51.4141,39.6254,12.0904
200,25,29.5643,51.3952,39.7185,12.0293
200,26,29.5594,52.3421,39.448,12.1021
200,27,29.399,51.4378,39.611,11.9728
200,28,29.5742,50.0974,39.8074,12.027
200,29,29.4678,51.655,39.4502,11.9988
200,30,29.6729,51.391,39.7597,12.0451
200,31,29.5501,51.4337,39.6794,12.0214
200,32,29.5006,51.3697,39.7097,12.0254
200,33,29.6006,51.3689,39.529,11.9827
200,34,29.6131,51.4612,39.6321,12.0277
200,35,29.5676,51.5818,39.6948,12.0618
200,36,29.4968,51.5767,39.6468,11.9829
200,37,29.6795,51.4982,39.781,12.0396
200,38,29.5307,51.6314,39.6611,12.1195
200,39,29.5077,54.0529,38.542,12.15
200,40,29.4243,52.5627,40.1081,12.1876
200,41,29.6074,51.6208,39.7786,12.0227
200,42,29.4395,51.4484,39.6349,12.0848
200,43,29.4577,51.3107,39.655,11.9589
200,44,29.5322,51.4361,39.7702,12.0915
200,45,29.3772,51.5082,39.5506,12.0529
200,46,29.6465,51.5325,39.7348,11.981
200,47,29.4778,51.7683,39.7829,12.1302
200,48,29.409,51.5408,39.5208,12.0068
200,49,29.6,51.423,39.7829,12.0343
200,50,29.443,51.4789,39.7875,12.0305
200,51,29.4913,51.4637,39.7191,12.0049
200,52,29.4982,51.5811,39.5274,12.181
200,53,29.477,51.5954,39.6842,12.064
200,54,29.7964,51.4749,39.5916,12.0447
200,55,29.667,51.5604,39.704,12.0465
200,56,29.4648,51.8527,39.5815,12.2047
200,57,29.477,51.4915,39.5657,12.049
200,58,29.6292,51.4433,39.6169,11.8698
200,59,29.6032,51.5364,39.7968,12.0561
200,60,29.6008,52.0309,39.6689,12.0409
200,61,29.3974,51.3747,39.8884,12.055
200,62,29.4861,51.4019,39.7192,12.0968
200,63,29.4274,51.5441,39.7854,12.038
200,64,29.4949,51.3456,39.6916,11.9347
200,65,29.5452,51.3857,39.8058,12.1004
200,66,29.4304,51.8503,39.7885,12.1067
200,67,29.3792,51.5417,39.7456,12.0615
200,68,29.4582,51.6068,39.6945,12.0812
200,69,29.5697,51.5057,39.7064,12.0982
200,70,29.5521,51.3316,39.667,12.0305
200,71,29.7243,51.688,39.8839,12.1474
200,72,29.47,51.9177,39.6294,12.0978
200,73,29.5969,51.3336,39.7111,12.0131
200,74,29.5179,51.4681,39.684,12.0094
200,75,29.5378,51.5185,39.6643,11.9713
200,76,29.5588,51.5876,39.6806,11.9961
200,77,29.5118,51.5963,39.806,12.0651
200,78,29.4936,51.5294,39.6192,11.9739
200,79,29.5068,51.6866,39.7776,12.0385
200,80,29.4682,51.4587,39.5628,11.9215
200,81,29.6267,51.3782,39.6646,11.9456
200,82,29.5518,51.4607,39.9792,11.964
200,83,29.4426,51.4282,39.8586,11.984
200,84,29.5222,51.4757,39.7522,11.9294
200,85,29.5567,51.6,39.7329,12.0901
200,86,29.5884,51.3762,39.5414,11.9406
200,87,29.6804,51.4943,39.5779,12.0847
200,88,29.5419,51.3313,39.6555,11.9879
200,89,29.6131,51.4713,39.8316,12.0486
200,90,29.485,51.4376,40.0244,12.1111
200,91,29.4677,51.6861,39.6651,12.0531
200,92,29.4755,51.4193,39.8011,12.0422
200,93,29.4847,51.4704,39.6488,11.9803
200,94,29.6267,51.3206,39.6488,11.8862
200,95,29.6278,51.6719,47.2749,11.9879
200,96,27.2968,51.7105,39.8056,11.945
200,97,29.6648,51.8795,39.9203,11.9911
200,98,29.5644,51.741,39.8426,12.239
200,99,29.4657,51.3869,39.9808,12.0908
200,100,29.5659,51.4167,39.8355,12.6859
300,1,42.5232,77.4696,55.4392,18.5512
300,2,42.081,77.6635,59.4436,18.0924
300,3,44.1808,78.2802,60.2595,18.0658
300,4,43.9624,79.2909,58.8541,18.043
300,5,44.2887,77.661,59.3002,18.0289
300,6,44.2499,78.439,60.0423,18.1154
300,7,44.0813,76.325,59.4704,17.984
300,8,44.1707,77.4193,59.3878,17.985
300,9,44.2496,78.3931,60.0984,18.1469
300,10,43.9636,77.7702,59.5759,18.0525
300,11,44.1469,77.4586,59.319,17.9296
300,12,44.2352,78.0726,60.0425,18.0416
300,13,44.0387,79.1368,59.2119,18.1672
300,14,44.1336,77.7415,59.1868,18.0297
300,15,44.2302,78.0486,59.8884,18.0114
300,16,44.1334,77.8365,59.4706,17.9925
300,17,44.1212,78.1088,59.3682,18.0004
300,18,44.3777,78.2956,60.1893,18.2878
300,19,43.9811,78.4232,58.9208,18.0223
300,20,44.1295,77.8041,59.6024,18.3161
300,21,44.0436,78.6739,60.1673,18.1086
300,22,44.0203,77.3563,60.071,18.3236
300,23,44.2923,77.5195,59.3744,17.9788
300,24,44.0707,78.1356,59.9939,18.0768
300,25,44.0918,77.9038,59.4159,17.9806
300,26,44.1862,77.7545,59.378,18.1486
300,27,44.4396,78.0388,60.4543,18.1941
300,28,43.9257,77.7613,59.2877,17.9069
300,29,44.2738,77.8923,59.5405,17.9948
300,30,44.0707,78.4436,59.9444,18.032
300,31,44.2641,77.3826,59.5222,18.0017
300,32,44.1331,77.8337,59.3386,18.0796
300,33,44.0382,78.2372,60.1207,18.046
300,34,44.0463,78.4692,59.1388,17.9852
300,35,44.3347,77.8386,59.1096,18.0648
300,36,44.1426,78.0306,60.0269,18.1071
300,37,43.9829,78.1562,59.483,18.058
300,38,44.1876,78.3718,59.0014,18.0504
300,39,44.1979,78.5372,60.2632,18.0823
300,40,44.0859,77.4338,59.5569,18.0441
300,41,44.0771,78.1329,59.491,18.1091
300,42,44.0443,79.2774,59.5482,18.2517
300,43,43.8856,77.7863,59.327,18.0021
300,44,44.1777,77.5696,59.2624,18.0345
300,45,44.1295,78.299,59.9052,18.0433
300,46,44.2596,77.8705,59.43,18.0618
300,47,44.2644,77.6099,59.3864,18.003
300,48,44.1876,77.9875,59.8742,18.2045
300,49,44.0087,78.7368,59.1116,18.0278
300,50,44.0828,77.8688,59.2257,18.1039
300,51,44.1255,78.5926,59.8867,18.1629
300,52,43.9883,77.9821,59.31,18.0509
300,53,44.1595,77.8157,59.3959,17.9967
300,54,44.2545,78.4806,59.7371,18.1584
300,55,44.141,77.8162,59.4885,18.0228
300,56,44.0805,77.884,59.3229,18.1013
300,57,44.0869,78.4408,59.8637,18.0087
300,58,44.1765,78.977,58.9143,18.1167
300,59,44.2734,77.8324,59.6913,18.0295
300,60,44.1378,78.1587,59.904,18.1515
300,61,44.1558,77.8695,59.5551,17.9628
300,62,44.3182,78.1289,59.1223,17.9862
300,63,44.3838,78.1541,59.9753,17.9952
300,64,44.0543,78.9349,58.6484,18.0749
300,65,44.2226,77.9007,59.218,17.9998
300,66,44.242,78.5358,59.8731,18.1446
300,67,44.1409,77.541,59.3414,17.9256
300,68,44.2449,77.7191,59.3149,17.9852
300,69,44.1722,78.2307,60.096,18.0859
300,70,44.0509,77.9026,59.2764,18.0013
300,71,44.2481,77.9107,58.9503,18.092
300,72,44.7815,77.8223,59.856,18.0541
300,73,44.1191,78.036,59.644,17.9911
300,74,44.1836,77.73,59.2531,18.0353
300,75,44.2368,78.053,60.2252,19.1768
300,76,43.3776,78.3175,59.2739,18.0605
300,77,44.0254,77.9875,59.3059,18.0565
300,78,44.2745,78.1828,59.8956,18.0804
300,79,44.1853,79.1627,58.9496,18.0057
300,80,44.1772,78.3078,59.1391,18.0625
300,81,44.2828,78.2193,60.0224,18.0677
300,82,44.1721,78.1682,59.4066,18.0602
300,83,44.1589,77.8841,59.4036,18.1304
300,84,44.1505,78.2393,59.9616,18.0953
300,85,44.0607,77.8595,59.5166,17.8396
300,86,45.9918,78.3877,60.1609,18.1008
300,87,43.9399,79.5117,59.5344,18.1568
300,88,43.9076,78.6857,59.327,18.1475
300,89,44.022,77.8633,59.3185,18.0918
300,90,44.1274,78.5105,59.8553,18.1207
300,91,44.1213,77.9829,59.3037,17.965
300,92,44.0836,78.7918,59.1584,18.2109
300,93,43.926,87.4862,59.794,17.9307
300,94,43.5262,79.4063,59.9148,17.947
300,95,43.4887,79.6187,59.7225,18.0121
300,96,43.4008,79.5167,59.7571,17.9614
300,97,43.4194,79.7317,59.7338,17.996
300,98,43.4328,79.2688,59.8211,18.0012
300,99,43.5032,79.347,60.0367,17.9908
300,100,43.4208,79.6926,59.6324,18.0935
400,1,56.8443,103.3852,76.9152,24.1685
400,2,56.0941,119.6216,88.6907,24.45
400,3,67.0691,115.6243,87.7194,23.338
400,4,66.3391,107.6261,79.6278,23.4112
400,5,58.6114,105.0035,79.8113,23.4997
400,6,58.6966,105.1082,79.3478,23.6232
400,7,58.7018,105.5324,79.3816,23.7594
400,8,58.5552,105.0248,79.8743,23.822
400,9,58.1498,105.3962,79.1619,23.6526
400,10,58.4555,105.4506,79.6147,23.8942
400,11,58.0484,105.3452,79.4147,23.7935
400,12,58.4139,105.411,79.1336,23.8976
400,13,58.3797,105.8095,79.6022,23.7981
400,14,58.5724,105.2808,80.6336,23.8494
400,15,58.2456,104.8678,79.2498,24.1067
400,16,58.9999,103.7869,79.3011,24.206
400,17,59.0375,103.52,79.0935,24.1214
400,18,58.9735,104.6678,79.2471,23.9569
400,19,59.0294,104.5348,79.4376,24.0072
400,20,59.39,104.7873,78.4165,24.0718
400,21,59.1145,104.5045,78.982,24.3084
400,22,58.9015,105.6727,79.7564,24.2938
400,23,58.6444,104.7127,79.5839,24.2145
400,24,58.7099,105.2925,79.6338,23.8015
400,25,58.8617,105.6584,79.4247,24.1494
400,26,58.8191,105.2355,78.1571,24.0096
400,27,59.3238,103.6003,78.8099,24.0746
400,28,59.6581,103.9499,79.0474,24.161
400,29,58.8331,104.6324,79.234,24.3753
400,30,58.5826,104.7425,78.3723,24.1198
400,31,59.309,103.6618,79.162,23.9988
400,32,59.2953,103.995,78.6304,23.8047
400,33,58.9007,104.3279,79.4244,23.9557
400,34,58.1291,105.4902,79.5605,23.949
400,35,58.0705,105.274,79.6013,23.8348
400,36,58.5781,105.4494,79.4148,23.892
400,37,58.1699,105.7505,79.558,23.9319
400,38,58.0777,105.2627,79.5579,23.9113
400,39,58.6558,104.9411,79.5174,23.9561
400,40,58.1555,106.4781,79.6141,23.8613
400,41,58.1789,105.3224,79.4543,24.3965
400,42,58.3027,104.8991,79.2703,23.8706
400,43,58.2731,105.4462,79.5852,24.2999
400,44,58.2172,105.2956,79.4195,24.1259
400,45,58.5264,105.3712,79.4956,23.8538
400,46,58.2361,105.5165,79.654,23.8843
400,47,58.5284,104.8921,79.6647,24.1447
400,48,58.217,105.2034,79.3912,23.775
400,49,58.3138,105.3682,79.6144,24.0115
400,50,58.0027,105.3638,79.5934,23.9494
400,51,58.2235,105.2656,79.3549,23.8932
400,52,58.3812,105.573,79.5374,23.8702
400,53,58.0892,105.3433,79.8197,23.9621
400,54,58.0942,105.2863,79.323,23.876
400,55,58.281,105.5102,79.8818,24.0234
400,56,57.9612,105.4818,79.6118,23.9261
400,57,58.0391,105.2604,79.4057,24.0514
400,58,58.0847,105.4131,79.7434,23.8957
400,59,58.0912,105.3452,79.677,23.973
400,60,58.0424,105.3204,79.3925,23.8552
400,61,58.1351,105.6746,79.3818,24.2027
400,62,58.6789,103.2995,78.942,23.8359
400,63,59.2414,103.3407,78.8008,24.0908
400,64,59.1608,104.2004,78.9993,24.3152
400,65,58.6752,103.5236,79.0191,24.0791
400,66,58.9875,103.4629,79.0655,24.0077
400,67,58.9723,103.7598,79.2105,24.0985
400,68,58.9226,103.5233,79.0644,24.012
400,69,58.9176,103.6676,78.8322,24.1403
400,70,59.016,103.7977,79.2905,24.1569
400,71,58.828,103.5899,79.0175,24.1402
400,72,58.8975,103.9119,78.8538,24.0618
400,73,58.9575,103.7619,79.5922,24.1794
400,74,58.9281,103.4468,79.4053,24.0981
400,75,58.8176,104.9758,79.3643,24.0583
400,76,58.2143,105.5003,79.7127,24.2702
400,77,58.1935,105.0495,79.6066,23.9904
400,78,58.2236,105.6885,79.4143,23.8825
400,79,58.302,105.4042,79.4041,24.0563
400,80,58.3301,104.9979,79.364,24.9587
400,81,57.6328,105.5704,79.3645,24.0002
400,82,58.2134,105.7363,79.6039,24.2677
400,83,59.6871,105.0933,79.6902,24.1587
400,84,57.8613,105.6109,79.3363,23.887
400,85,58.2084,105.2985,79.7003,24.2818
400,86,57.927,105.1807,79.5217,24.0812
400,87,58.0261,105.4382,79.2945,24.0962
400,88,58.0197,105.3467,79.7428,23.9392
400,89,57.9631,105.1572,79.6766,24.0708
400,90,58.3042,105.4714,79.3925,23.9973
400,91,58.0266,105.4688,79.968,24.2326
400,92,57.7545,105.2864,79.4599,24.5838
400,93,58.6103,105.5666,82.5098,24.1284
400,94,58.8962,105.5694,78.8421,24.2381
400,95,64.4392,103.7865,78.865,24.3228
400,96,59.6825,104.4005,78.47,24.1865
400,97,58.8306,103.934,78.9115,24.3111
400,98,59.0765,103.8536,79.0732,24.3491
400,99,58.8831,104.3367,78.7591,24.1696
400,100,58.8982,104.0657,79.2199,24.3
500,1,72.6329,128.1967,94.9198,30.2811
500,2,71.9059,131.1917,98.4853,30.2276
500,3,73.7915,131.8256,98.5575,30.2034
500,4,73.7876,131.2665,98.7626,30.3101
500,5,73.5364,131.3054,99.5119,30.1768
500,6,73.8602,130.032,98.6692,30.1887
500,7,73.7398,130.466,99.0649,30.3444
500,8,73.7488,130.2007,99.011,30.4998
500,9,73.5022,131.1362,98.405,30.2461
500,10,73.8995,130.4848,98.8939,30.2518
500,11,73.6236,130.6003,98.8151,30.3337
500,12,73.8897,130.9181,98.8568,30.1689
500,13,74.3948,130.3241,98.9835,30.4257
500,14,73.6595,130.4399,98.9551,30.3422
500,15,73.7053,131.4244,98.4504,30.2502
500,16,73.7743,129.8978,98.8121,30.2615
500,17,73.5642,131.5847,98.7136,30.4839
500,18,73.5884,130.2976,98.774,30.2957
500,19,73.5621,131.049,98.1246,30.4086
500,20,73.6311,130.9381,98.4921,30.4231
500,21,73.4785,130.4926,99.027,30.2934
500,22,73.6535,130.9506,98.8112,30.3337
500,23,73.5277,131.2826,98.1961,30.3487
500,24,74.1725,130.2806,99.1799,30.2195
500,25,73.5834,130.922,98.2058,30.405
500,26,73.631,130.5801,98.7886,30.3459
500,27,73.5032,130.7321,99.1059,30.4183
500,28,73.7477,131.0268,98.5248,30.9191
500,29,73.5174,130.4803,99.7618,30.7316
500,30,73.7419,131.2675,98.552,30.1026
500,31,73.7841,130.5906,98.9894,30.98
500,32,73.583,130.1795,98.9269,30.3458
500,33,73.8154,130.1982,99.0884,30.4871
500,34,73.5504,130.3134,98.8302,30.2656
500,35,73.6726,131.0968,100.322,30.4662
500,36,72.6565,131.7399,100.0359,30.1901
500,37,72.6296,132.0469,99.3713,30.106
500,38,73.295,131.6479,99.5772,29.6892
500,39,73.1422,131.8558,99.7868,29.6361
500,40,73.0573,131.5012,99.6583,29.8631
500,41,73.0644,131.8507,99.5192,29.7509
500,42,73.0954,131.4587,99.8971,30.0714
500,43,72.8086,132.1475,97.8745,30.495
500,44,73.8535,131.1354,99.6077,30.1174
500,45,72.3964,132.6943,101.1649,30.2357
500,46,72.3414,133.2114,100.2259,30.5408
500,47,73.8544,131.0433,99.5536,30.5011
500,48,73.2661,130.6586,98.5651,30.278
500,49,73.6157,131.4578,99.6745,30.5484
500,50,73.2319,131.1368,98.7524,30.4395
500,51,73.5872,130.5534,99.0265,30.3508
500,52,74.1224,131.416,98.4903,30.2988
500,53,73.7715,130.5944,98.7722,30.2294
500,54,73.5865,131.0313,98.5581,30.4148
500,55,73.4392,131.1579,100.0598,30.546
500,56,73.2845,130.6168,98.8559,30.2353
500,57,73.5515,130.6195,98.9842,31.756
500,58,72.502,130.7254,98.5624,30.3431
500,59,73.3726,135.4432,99.1179,30.0143
500,60,73.2706,131.4624,99.9618,30.1843
500,61,73.6457,131.0224,98.9826,30.5219
500,62,73.6299,130.725,98.9573,30.3937
500,63,73.4847,129.8879,99.0937,30.3955
500,64,73.5304,130.8828,98.3598,30.3437
500,65,73.7626,130.9531,99.4512,30.3955
500,66,73.6037,129.8214,98.8906,30.4003
500,67,73.6462,130.5616,98.7918,30.5228
500,68,73.3997,132.388,99.409,30.5334
500,69,73.2097,130.4961,99.0188,30.7626
500,70,74.0983,130.4174,98.3272,30.5077
500,71,73.587,130.0744,98.917,30.3695
500,72,73.5604,130.2343,99.0931,30.1921
500,73,73.533,131.3631,98.4742,30.2839
500,74,73.6197,131.1312,99.2787,30.3724
500,75,73.5337,131.0562,98.6986,30.2272
500,76,73.1407,131.3539,99.4819,29.8267
500,77,74.2973,130.962,99.6066,30.1235
500,78,72.6232,131.7324,99.6259,29.9514
500,79,73.0627,131.3592,99.5198,29.9418
500,80,73.6647,131.8308,99.4884,29.9041
500,81,72.8419,131.7405,101.3579,30.2651
500,82,71.4512,131.5867,99.5892,30.3202
500,83,72.7977,131.6144,99.7349,30.2747
500,84,72.3597,132.5428,99.8525,30.0978
500,85,72.539,131.6818,99.707,30.1806
500,86,72.4447,132.7488,97.9548,30.5114
500,87,73.5103,130.2951,99.5203,30.4256
500,88,73.4275,130.6644,98.4306,30.4315
500,89,73.6055,131.2105,98.2676,30.4195
500,90,73.6725,130.5578,98.6525,30.3412
500,91,73.4165,131.6243,98.3212,30.428
500,92,73.5978,130.4588,98.9691,30.2986
500,93,73.3791,130.7042,98.8465,30.4748
500,94,73.5014,130.9965,98.2724,30.3559
500,95,73.5443,130.6558,98.4658,30.3689
500,96,73.5598,131.7725,98.9505,30.7425
500,97,73.4019,131.2188,98.6113,30.4056
500,98,73.6694,130.5656,99.0801,30.429
500,99,73.4997,129.9057,99.4485,30.5896
500,100,73.5152,131.1961,98.2581,30.4224
600,1,87.3184,156.2339,116.6074,35.957
600,2,85.9633,158.3675,120.9114,35.9425
600,3,88.1241,158.6407,120.7873,36.226
600,4,87.1818,159.4456,120.3139,36.3869
600,5,87.5407,160.8431,120.379,36.5358
600,6,87.9235,158.6257,119.55,36.2632
600,7,88.3246,158.6367,120.9344,36.3134
600,8,88.2156,158.4096,119.86,36.4778
600,9,88.2224,158.114,120.0218,36.6682
600,10,88.122,158.8966,119.5307,37.0058
600,11,87.8591,158.6855,120.7039,36.5904
600,12,87.3364,157.829,120.8182,37.047
600,13,87.1096,158.9144,120.4786,36.7475
600,14,87.3087,157.8407,120.8189,36.4988
600,15,86.9029,158.6912,121.1611,36.3597
600,16,87.209,158.1238,120.6369,36.4748
600,17,87.0005,158.9552,120.7231,36.3021
600,18,88.2022,158.0863,120.3574,36.3598
600,19,88.2086,158.087,122.4442,36.242
600,20,86.4612,158.5233,120.5871,36.3191
600,21,88.3475,158.1218,119.7585,36.291
600,22,88.4677,158.4803,120.7196,36.2374
600,23,88.3086,158.2218,120.1025,37.3914
600,24,87.4093,158.0202,119.7581,36.2957
600,25,88.3081,161.9768,123.6577,36.2819
600,26,88.371,158.13,120.2129,36.3191
600,27,88.2534,158.159,120.4804,36.3087
600,28,88.0776,158.1694,120.0024,36.3137
600,29,88.4819,158.3652,120.0149,36.4489
600,30,88.0221,158.2506,119.6995,36.478
600,31,88.6734,157.6469,119.9182,36.1794
600,32,89.2225,158.095,120.3288,36.2412
600,33,89.0063,160.86,121.3026,35.5995
600,34,90.4507,157.6414,120.1602,36.2401
600,35,88.929,157.9723,120.3571,35.7122
600,36,89.3227,157.9935,120.8744,36.3351
600,37,88.6617,157.847,120.6496,35.7188
600,38,88.6532,158.263,120.767,35.8957
600,39,88.7433,158.3784,120.8838,35.8929
600,40,88.6497,158.1896,119.9568,36.6404
600,41,88.9302,158.447,120.5443,35.474
600,42,88.0103,159.523,121.7043,35.4923
600,43,88.004,159.5549,121.2949,35.6715
600,44,87.4765,160.0673,121.9559,35.733
600,45,87.5936,160.4436,121.9596,35.5182
600,46,87.4076,160.5718,122.4426,35.5713
600,47,87.3144,160.1215,122.1489,35.8225
600,48,87.0808,161.2607,122.2699,37.4154
600,49,94.0121,168.4863,121.9195,35.7987
600,50,86.7543,157.869,119.5285,35.6289
600,51,88.9675,159.6092,121.8593,35.6085
600,52,87.4181,159.3074,120.5502,36.1152
600,53,88.0575,157.6444,120.3909,35.8392
600,54,87.6294,160.0891,121.3142,35.8322
600,55,87.8593,158.4946,120.61,36.1491
600,56,87.7428,159.1539,121.2196,36.2509
600,57,87.7733,158.8625,121.6435,35.9762
600,58,87.6061,159.3878,120.3691,40.3426
600,59,85.1239,158.5983,120.4174,36.1061
600,60,88.0535,160.2015,121.1848,36.0744
600,61,87.9351,158.7616,120.5542,36.0335
600,62,87.3827,158.4948,120.2803,36.1126
600,63,87.6719,162.453,123.1863,38.4409
600,64,88.2865,161.6702,121.4071,36.1464
600,65,88.4071,159.8293,121.755,36.4187
600,66,92.2644,160.1988,122.0466,36.3624
600,67,87.4937,158.8566,120.0501,36.5675
600,68,87.8177,159.9305,121.7305,36.0176
600,69,89.0844,166.1909,116.0356,35.9093
600,70,87.7132,158.7174,121.1894,36.0447
600,71,86.8566,155.0367,119.5032,36.2337
600,72,88.4171,159.3513,120.7852,36.1419
600,73,88.454,157.9313,119.474,36.2455
600,74,88.2006,158.2171,119.5084,36.1544
600,75,88.315,159.1842,120.1569,36.0791
600,76,88.4203,158.0229,119.1115,36.1332
600,77,88.7595,157.5364,118.4899,36.0936
600,78,88.5384,158.6061,120.5734,36.1868
600,79,88.4295,157.7374,119.4226,36.4595
600,80,88.639,157.893,119.2874,36.3679
600,81,88.2664,158.9366,119.6703,36.0304
600,82,88.4708,160.8813,120.1037,35.7346
600,83,88.5033,157.3517,120.1831,35.8442
600,84,88.3893,159.1284,121.4908,35.9503
600,85,87.5685,158.5446,120.1128,36.0081
600,86,87.7351,157.6528,119.9631,36.1059
600,87,87.3503,159.2782,120.821,35.7519
600,88,87.4772,159.5888,120.346,35.9576
600,89,87.7279,158.5821,120.061,35.9289
600,90,87.5397,159.6747,121.4899,36.0389
600,91,87.2915,159.0119,120.3693,36.0751
600,92,87.8992,158.5595,120.5714,36.994
600,93,88.0704,159.6975,121.06,35.8426
600,94,87.6056,159.3812,120.2596,36.1129
600,95,87.3228,158.5369,120.1457,35.8523
600,96,87.5297,159.6538,120.9512,35.9835
600,97,87.8212,159.28,120.1266,36.3558
600,98,87.358,160.0899,122.5113,36.7487
600,99,89.0942,161.3768,122.7359,34.8644
600,100,92.2022,159.3262,121.3191,36.6874
700,1,101.9605,205.2108,132.2294,42.066
700,2,100.7071,198.7594,154.8082,42.6669
700,3,104.9241,203.8644,150.0936,41.7286
700,4,113.3908,181.7351,141.6107,41.1127
700,5,101.5468,186.3541,141.1732,41.1403
700,6,102.6173,184.6269,139.8906,42.4439
700,7,103.3196,183.307,141.3654,41.4479
700,8,102.021,184.7989,140.7537,42.3813
700,9,102.8109,184.7378,141.6459,42.1342
700,10,101.8729,185.2158,139.7353,42.0836
700,11,103.412,184.4,141.701,41.8633
700,12,102.5295,184.4193,141.4222,42.0867
700,13,103.5038,184.5867,140.1265,42.3851
700,14,102.7455,193.2921,142.3175,41.7781
700,15,103.1139,184.6582,141.4242,41.8131
700,16,103.5202,184.1898,140.2011,42.1357
700,17,103.6017,184.6992,141.151,41.9498
700,18,103.3333,184.1627,140.7432,41.9647
700,19,103.0687,184.0306,139.9049,41.9744
700,20,103.572,184.8878,140.9476,41.9207
700,21,103.2885,184.1762,141.1068,41.8747
700,22,103.1736,184.353,140.1553,42.2696
700,23,102.3294,184.9157,140.9001,42.1707
700,24,102.8584,185.2759,140.9728,41.9916
700,25,102.4896,185.2965,140.3269,42.7641
700,26,102.2468,185.3091,141.077,42.2537
700,27,102.2492,185.1041,140.8716,42.3409
700,28,102.4146,184.1554,140.2437,42.4199
700,29,102.0434,185.9189,141.2818,42.1271
700,30,101.8288,185.5384,141.2267,42.225
700,31,101.8567,184.3654,140.3431,42.0741
700,32,103.0538,191.8238,136.5489,42.0335
700,33,103.3243,184.1773,141.6313,42.1803
700,34,103.1997,184.3269,139.3303,42.2073
700,35,101.9982,186.0123,140.8827,42.2549
700,36,102.1,185.307,141.2824,42.3242
700,37,102.0954,185.0312,140.0724,42.0242
700,38,103.6509,185.101,141.1006,42.066
700,39,103.303,184.2398,141.2982,41.9724
700,40,103.0037,184.5421,140.3493,42.3799
700,41,103.4302,185.2391,140.3756,42.3815
700,42,101.8817,185.2273,141.2107,42.23
700,43,102.1737,185.0001,139.9993,41.9504
700,44,103.0752,186.1505,140.8421,42.2482
700,45,102.2492,184.1829,144.7672,42.1742
700,46,102.6633,183.7624,139.9835,42.6385
700,47,105.3593,185.4249,140.1578,42.2057
700,48,103.3053,184.4407,141.3683,42.0894
700,49,102.7409,184.4718,140.0587,42.2005
700,50,103.6542,184.7466,142.7489,41.9597
700,51,102.0294,184.4038,139.8018,42.2822
700,52,103.3543,184.4344,139.454,42.2304
700,53,104.3232,184.842,140.2596,42.4428
700,54,102.816,184.3514,140.9219,42.2774
700,55,102.9427,184.0423,140.3346,41.884
700,56,102.7198,186.2346,140.7914,42.2798
700,57,103.0621,184.2974,140.3272,42.3345
700,58,103.3697,184.2081,140.0617,42.3974
700,59,103.0992,185.9086,140.4679,42.3465
700,60,102.9884,184.0705,141.3132,42.33
700,61,103.2802,184.3324,139.4424,42.348
700,62,103.372,185.0043,141.353,42.2956
700,63,103.7595,183.9938,140.6657,42.2723
700,64,103.5459,189.8005,141.1299,43.2377
700,65,103.1747,187.9577,141.2644,42.3138
700,66,104.8997,186.0627,143.0374,41.6717
700,67,103.855,185.8728,140.4241,42.4811
700,68,102.7583,206.157,211.2557,43.4815
700,69,160.0166,185.667,141.4433,42.743
700,70,102.706,183.4336,140.9035,43.0719
700,71,102.3526,183.3079,140.4308,42.5793
700,72,104.2375,183.5506,140.399,43.2189
700,73,102.8182,183.6366,140.3818,42.8757
700,74,102.9841,183.6164,139.5244,42.7266
700,75,102.6143,185.838,137.3467,42.2901
700,76,102.3376,183.888,140.0768,42.3759
700,77,101.8255,184.141,140.0498,42.7645
700,78,101.5207,184.6903,139.5628,43.1334
700,79,101.8232,183.1334,140.3116,42.5425
700,80,101.2876,183.1588,140.0887,42.3354
700,81,101.42,184.2335,140.1117,42.5158
700,82,101.5973,184.434,140.3297,42.6178
700,83,101.883,182.4721,139.8785,42.6721
700,84,102.432,184.1654,139.6472,42.6326
700,85,103.3426,183.747,140.1759,42.3771
700,86,103.0559,184.3364,139.3439,42.6447
700,87,102.7499,184.6871,139.8773,42.6389
700,88,102.8202,184.2316,139.4138,42.7215
700,89,102.4164,183.9145,138.545,42.6759
700,90,103.053,183.6313,139.2055,42.7594
700,91,102.8597,183.944,139.1101,42.6233
700,92,103.408,183.3357,138.8888,42.6974
700,93,103.1577,183.5242,139.5026,42.6879
700,94,102.773,183.966,139.6949,42.6051
700,95,102.7309,183.9365,138.438,42.6693
700,96,102.809,184.4685,139.968,42.6839
700,97,102.9286,183.9408,139.5558,42.6317
700,98,102.6573,183.5098,139.5156,42.7216
700,99,102.4137,183.8844,139.4744,42.8371
700,100,102.9248,183.2653,140.1446,42.3037
800,1,117.3652,211.3215,158.436,48.6288
800,2,115.5857,212.4811,162.2364,48.902
800,3,118.5403,212.1275,161.4206,48.7411
800,4,117.0086,212.3631,161.9836,49.1681
800,5,116.0475,212.8247,162.8693,49.5559
800,6,115.8812,212.2212,161.7196,48.7381
800,7,114.5595,213.186,162.0646,49.1207
800,8,115.8888,212.8851,162.1835,49.2367
800,9,115.9849,212.3555,162.764,48.9883
800,10,115.7678,213.8011,162.2637,49.1903
800,11,115.8704,212.4335,162.3656,49.282
800,12,115.8537,212.3702,162.0729,48.5021
800,13,117.7757,212.632,162.7886,49.2999
800,14,116.9184,212.7719,162.7076,48.873
800,15,117.4785,212.0654,162.3801,48.9111
800,16,117.6017,212.4675,162.5597,48.7716
800,17,117.5379,212.1151,162.6417,48.5922
800,18,117.3696,212.149,162.0481,48.6393
800,19,118.3916,213.2274,161.6524,49.1433
800,20,116.8834,212.4124,162.4796,48.5964
800,21,117.1278,212.5335,161.8422,48.8122
800,22,117.1553,212.4133,162.3101,48.8424
800,23,117.9612,212.4162,162.1799,49.0712
800,24,117.2445,213.1614,160.8212,48.8366
800,25,117.4826,212.0381,162.115,48.6881
800,26,117.3679,212.3748,163.2538,48.7921
800,27,117.5363,212.3973,162.2021,48.8546
800,28,117.3465,213.0385,161.0684,48.8755
800,29,117.2197,212.5214,162.8765,48.7767
800,30,117.9571,212.2343,162.0902,48.8304
800,31,118.3191,212.7083,161.6792,48.9782
800,32,117.2212,213.2224,162.4038,48.7865
800,33,117.1748,212.4914,161.4197,49.3034
800,34,117.829,212.1207,162.2922,48.7778
800,35,117.2699,212.5689,162.792,48.7421
800,36,117.212,211.9942,162.1471,49.4439
800,37,115.6551,212.2453,162.5793,49.0653
800,38,117.1931,212.4841,162.4943,48.6952
800,39,117.3325,212.0781,161.3201,48.85
800,40,117.1157,212.0981,162.3063,48.9812
800,41,117.1672,213.6113,162.3358,48.8423
800,42,117.4493,212.1909,162.2667,48.6674
800,43,117.1833,212.5304,162.073,48.7622
800,44,117.4654,213.0948,161.8609,48.7396
800,45,118.0186,212.9266,161.6656,48.9035
800,46,117.6879,212.9217,161.2405,49.0845
800,47,116.8573,212.1999,162.2291,48.9792
800,48,117.3672,212.437,162.1228,48.6239
800,49,117.802,212.4577,162.1573,48.8097
800,50,117.452,213.0297,162.1713,48.6967
800,51,117.3548,212.3639,161.5529,48.9923
800,52,116.7154,212.6005,162.3093,48.818
800,53,117.5352,213.4761,162.3783,48.9236
800,54,117.1034,213.9271,160.0292,48.7575
800,55,118.5379,213.0667,161.5072,49.0078
800,56,117.12,212.7282,162.2688,48.5583
800,57,117.3219,213.0483,162.0088,48.7451
800,58,117.3828,212.2887,161.3371,48.9393
800,59,117.2817,212.2221,162.594,49.0755
800,60,116.11,214.7903,161.7152,48.8845
800,61,116.7321,212.891,162.0544,48.9674
800,62,116.6465,210.3669,161.9895,48.9092
800,63,117.3157,212.63,161.7063,48.8452
800,64,117.0601,212.5437,162.3545,48.7713
800,65,117.342,212.4218,161.109,49.2471
800,66,117.0084,212.9115,162.0858,49.1689
800,67,117.0029,212.0872,163.3071,48.7392
800,68,117.4905,212.346,161.508,49.1189
800,69,117.3658,212.9417,161.7081,48.9315
800,70,117.1226,212.5565,162.6702,48.6384
800,71,117.1799,211.6341,162.3938,48.8004
800,72,117.2226,212.2547,162.1332,48.8592
800,73,116.158,212.8648,161.4346,48.898
800,74,117.8876,211.9128,161.8072,48.9914
800,75,117.5166,212.9601,161.9229,48.8255
800,76,118.2563,212.161,162.3449,52.5896
800,77,116.9123,212.4961,161.1015,48.6775
800,78,117.2479,212.8457,161.9969,48.6851
800,79,116.0012,212.2759,161.9535,48.8758
800,80,115.9347,211.7902,161.6385,49.0164
800,81,115.9287,213.4555,161.9171,49.0476
800,82,115.5876,212.1366,162.2131,49.5857
800,83,116.0799,211.5239,162.0489,48.9959
800,84,116.0156,212.8907,161.7608,48.7443
800,85,115.5446,212.828,162.4189,48.8477
800,86,115.7088,212.5758,161.5588,49.1342
800,87,116.261,212.5338,161.7819,48.9825
800,88,116.8013,219.9773,157.9739,48.9559
800,89,116.1291,212.4933,161.5655,48.8932
800,90,116.9536,212.7669,162.2287,48.9265
800,91,117.1083,213.2048,163.0181,48.8869
800,92,115.8049,212.6073,162.0103,48.9558
800,93,116.2716,212.8146,162.5628,48.8725
800,94,115.4889,213.2277,162.085,48.9
800,95,116.3942,212.4623,162.3915,49.2605
800,96,116.2841,212.6579,162.2392,48.6763
800,97,116.1811,213.5873,162.1145,48.6644
800,98,116.1345,212.2527,161.9095,49.1213
800,99,116.1011,212.9961,162.0596,48.7784
800,100,116.3567,212.7402,162.6798,48.8201
900,1,131.5084,238.4848,180.2008,54.6618
900,2,130.7046,243.3832,186.2747,54.8787
900,3,130.9713,240.7829,184.2242,55.0339
900,4,131.6236,241.0067,184.2627,54.989
900,5,131.0063,242.3554,186.686,54.968
900,6,132.4359,239.8421,184.1663,55.3245
900,7,130.9318,240.6956,184.5471,55.2342
900,8,130.4463,244.4469,186.296,54.8414
900,9,130.7673,241.1766,184.3557,55.2197
900,10,130.6468,240.4773,183.7835,55.5664
900,11,130.6354,242.9977,186.1251,55.2122
900,12,130.87,240.4341,184.2836,55.2061
900,13,130.7803,241.4099,184.1077,54.868
900,14,130.5064,242.9621,186.59,55.0439
900,15,129.6639,241.0137,183.6955,55.4808
900,16,130.8795,240.2447,184.8966,54.8325
900,17,130.9113,243.4547,186.1458,54.8188
900,18,130.9559,240.696,184.1102,55.0223
900,19,131.4117,240.187,183.9567,55.2244
900,20,130.9395,241.7626,186.7259,54.9985
900,21,130.0623,241.0958,184.0069,55.4094
900,22,130.7221,243.1644,182.8088,55.0454
900,23,130.4487,242.3731,186.1818,55.4235
900,24,132.0504,240.8008,184.5347,55.2213
900,25,130.1181,241.4028,184.4201,55.0291
900,26,130.6778,243.4185,186.6096,55.2797
900,27,129.2898,240.841,184.2979,55.3059
900,28,132.078,239.8532,184.4469,54.8154
900,29,130.6914,242.6386,186.5351,54.9856
900,30,131.0991,241.4233,184.1725,55.0606
900,31,130.6049,240.3676,183.8807,55.3117
900,32,131.0381,242.3132,186.029,55.4261
900,33,132.0783,241.2033,184.3704,55.4727
900,34,130.6218,241.0098,184.2268,54.9823
900,35,131.1198,242.4184,187.1791,54.9124
900,36,129.3212,240.4228,184.3116,56.151
900,37,130.8386,240.3057,183.9887,55.4282
900,38,130.5295,243.5004,186.2928,55.0529
900,39,132.3263,241.1524,184.0283,54.8631
900,40,130.6897,240.7736,184.4881,54.9238
900,41,131.1695,243.1111,185.9741,54.9506
900,42,131.3041,241.3418,184.0353,54.9849
900,43,130.9174,241.163,183.7935,55.1193
900,44,130.9467,244.2275,186.1013,55.6712
900,45,131.515,241.1028,183.9643,55.103
900,46,132.2903,240.299,184.0989,55.2381
900,47,132.2467,242.9542,185.6053,54.9749
900,48,131.4832,242.8557,182.4503,55.1832
900,49,131.9397,239.866,184.0247,55.299
900,50,132.775,242.9105,191.6582,55.7089
900,51,130.506,239.3017,185.4303,55.2099
900,52,130.4737,241.6405,184.0884,54.9531
900,53,130.3659,243.1012,189.2759,57.1206
900,54,143.4865,264.2109,198.0249,56.2438
900,55,134.8216,235.3294,177.935,54.2102
900,56,134.4105,235.611,180.4978,54.1969
900,57,132.8215,234.0914,182.3567,54.7018
900,58,133.362,235.7797,177.0226,54.046
900,59,134.3742,235.4732,180.7913,54.5112
900,60,132.2091,234.9509,180.3512,54.4801
900,61,132.9184,236.0097,177.3831,54.6484
900,62,133.524,235.6518,180.7154,54.1526
900,63,132.3452,234.7651,180.4638,55.2428
900,64,132.4026,236.4786,177.7465,54.5824
900,65,133.5427,235.79,180.9867,54.4337
900,66,132.3095,235.1512,179.0816,54.5741
900,67,132.6519,235.7145,177.2046,54.5794
900,68,133.2148,234.9437,180.0081,54.691
900,69,132.9909,236.8903,179.6726,54.8124
900,70,132.3916,236.2963,178.326,54.8939
900,71,133.7445,235.7517,180.186,54.4408
900,72,132.0303,235.4863,180.0365,54.4934
900,73,132.7187,237.882,178.5456,54.9752
900,74,133.1792,235.251,179.8097,54.783
900,75,132.5975,234.9315,180.1889,55.0119
900,76,132.9182,236.7591,178.3685,54.8408
900,77,132.4961,236.0129,179.6535,54.8534
900,78,132.1015,235.4626,180.1931,55.1135
900,79,131.1475,236.7067,178.674,55.4883
900,80,131.8831,236.0832,180.0021,54.7162
900,81,131.0982,236.5461,180.9986,55.2674
900,82,132.494,235.4348,178.7553,55.8832
900,83,133.4103,236.0758,179.9594,55.0547
900,84,132.4629,235.6715,180.2517,54.9249
900,85,132.3122,236.3459,178.5933,55.1985
900,86,132.6711,235.6856,180.2187,54.7925
900,87,131.9668,234.7677,181.1089,55.4423
900,88,131.6092,236.8268,178.899,55.1639
900,89,132.3137,236.0519,180.4726,54.8113
900,90,132.26,235.5044,179.561,55.5572
900,91,132.1071,236.2971,178.0098,55.3083
900,92,132.908,235.9451,179.1615,54.7593
900,93,132.2453,235.4428,179.9902,54.8644
900,94,130.8115,236.1791,178.6854,55.6045
900,95,131.84,236.6921,179.8207,54.9372
900,96,130.9124,235.8806,180.3152,55.3133
900,97,131.1257,237.4763,178.5516,55.0065
900,98,131.562,236.5424,180.2767,55.4523
900,99,130.813,234.9159,179.8382,55.0737
900,100,130.9932,236.7057,178.5723,54.8472
1000,1,146.1822,262.9248,198.7546,61.2632
1000,2,145.8634,263.8643,204.8839,61.5647
1000,3,147.2674,264.4416,200.4563,61.4716
1000,4,145.7264,264.4468,201.8762,61.5701
1000,5,146.7385,264.0956,204.0939,61.1487
1000,6,147.0839,263.994,200.3273,61.189
1000,7,148.3619,265.0207,201.397,61.2924
1000,8,146.7608,264.6766,204.3855,61.2725
1000,9,147.1672,264.2941,199.6409,61.9501
1000,10,146.1957,263.6652,203.2275,61.3139
1000,11,146.7662,264.2554,203.1703,61.4877
1000,12,147.4179,263.5527,200.3596,61.3835
1000,13,148.104,264.9661,202.4786,61.4292
1000,14,145.111,265.146,204.154,61.9281
1000,15,145.4817,264.0513,200.4955,61.5048
1000,16,147.3684,264.0633,202.4858,61.5762
1000,17,145.7103,264.3821,204.2963,61.6638
1000,18,145.514,263.4162,200.551,61.0891
1000,19,143.3087,264.0338,202.3348,61.5728
1000,20,145.2391,264.032,205.0483,62.1273
1000,21,145.3886,264.9667,200.1942,61.6942
1000,22,146.6983,264.0745,202.3936,61.7438
1000,23,147.0309,264.072,203.9154,64.1305
1000,24,145.253,264.1018,200.5312,61.2505
1000,25,149.1593,263.8499,202.652,60.7343
1000,26,147.0002,264.87,204.08,61.6627
1000,27,147.1085,265.5536,200.2955,61.5429
1000,28,149.1326,265.8028,202.6743,61.1913
1000,29,146.9502,265.0868,202.7611,61.4946
1000,30,147.7235,264.0203,200.6103,61.1218
1000,31,145.7692,264.2177,202.2576,61.1727
1000,32,147.5068,264.3455,203.8362,61.9792
1000,33,145.2299,265.4342,201.1525,61.9753
1000,34,144.3111,263.9688,202.6762,61.4189
1000,35,144.9572,264.2037,203.4417,61.7368
1000,36,145.6508,265.0846,200.2155,61.9841
1000,37,146.6081,263.657,202.2756,61.2571
1000,38,145.197,264.4357,204.6412,62.0248
1000,39,144.8483,264.3233,200.2,61.2528
1000,40,148.5025,264.5824,202.6635,61.7843
1000,41,144.777,265.0345,203.2437,62.0061
1000,42,146.916,264.8756,199.8917,61.5393
1000,43,149.3955,264.0692,202.1266,61.6104
1000,44,146.6526,264.5514,202.9712,61.2494
1000,45,146.7907,265.0177,199.4207,61.4902
1000,46,146.3686,263.9252,202.4312,61.3176
1000,47,146.8588,264.3301,204.6098,61.4059
1000,48,146.8584,264.3192,200.1866,62.1729
1000,49,145.3391,264.0033,202.1013,61.912
1000,50,147.0281,264.4721,203.2031,61.5955
1000,51,147.0002,264.5909,200.941,61.2128
1000,52,145.2058,263.912,202.5989,61.2779
1000,53,146.4921,264.3186,203.7318,61.1936
1000,54,146.9367,264.5522,200.9466,61.2706
1000,55,145.1593,263.7133,202.5935,61.0247
1000,56,147.9926,264.3029,203.3613,61.6747
1000,57,147.3289,264.6263,200.8514,61.5186
1000,58,147.9615,263.5644,201.9758,61.5408
1000,59,146.4703,264.932,203.7646,61.5269
1000,60,146.908,264.9139,200.3504,61.8455
1000,61,145.6908,263.6049,202.6913,61.2549
1000,62,146.9991,264.2245,204.3854,61.3426
1000,63,147.9966,263.4034,202.204,61.5172
1000,64,148.0619,263.9124,202.0959,61.0756
1000,65,147.3678,264.7414,203.8458,61.3093
1000,66,147.1792,265.5147,199.9681,61.6161
1000,67,146.1648,264.4417,203.2444,61.1178
1000,68,145.7595,263.8412,209.6692,63.0986
1000,69,142.3047,265.7274,200.4595,61.677
1000,70,146.9127,263.9224,202.7373,61.5896
1000,71,144.6519,264.998,204.2427,62.094
1000,72,145.3123,264.0709,200.5056,61.6004
1000,73,144.4482,263.1184,202.3165,61.6253
1000,74,146.0009,264.1017,204.1865,61.9357
1000,75,145.1783,264.4959,200.4098,61.6313
1000,76,148.0444,264.4018,202.0756,61.233
1000,77,145.5878,263.8348,205.2173,61.5017
1000,78,144.8642,265.5178,203.6352,61.7956
1000,79,144.1164,265.3928,202.53,62.3084
1000,80,144.6971,263.9282,204.5143,61.6107
1000,81,144.7442,264.361,200.225,61.5095
1000,82,147.2456,263.5299,202.4619,61.6732
1000,83,145.0413,264.2112,204.0084,62.1273
1000,84,144.9994,265.1694,200.2798,62.0708
1000,85,144.0725,263.6826,202.715,61.9626
1000,86,144.9174,264.2272,204.7781,61.8369
1000,87,145.9514,264.2126,200.0136,61.5264
1000,88,146.6236,263.7855,202.4658,62.4888
1000,89,145.5043,263.6085,204.1379,61.628
1000,90,145.1254,263.5934,200.4867,61.6144
1000,91,147.9348,264.8152,201.5009,62.1302
1000,92,146.9698,267.5256,204.1461,61.7426
1000,93,145.0101,264.8098,200.794,61.9105
1000,94,146.5945,272.3291,204.8596,62.29
1000,95,149.9836,270.9311,209.1869,61.5797
1000,96,145.5673,265.3962,200.5837,63.3424
1000,97,146.2484,264.0201,203.778,61.1601
1000,98,147.4994,264.3808,203.7914,61.7008
1000,99,149.4607,264.2814,200.5183,61.3401
1000,100,148.139,264.1763,202.988,61.2351
